{
    "roc_auc": 0.9424553962094957,
    "pr_auc": 0.5489828601748009,
    "best_threshold": 0.9758133888244629
}